,riding,Ave_Age_All,Ave_Age_Male,Ave_Age_Female,bike_rate,pop,NoPostsecondary_all,NoPostsecondary_male,NoPostsecondary_female,french,HouseNeed,income_all,income_male,income_female,unemploy_all,unemploy_male,unemploy_female,Constituency,Province / Territory,First Name,Last Name,Political Affiliation
309,Abbotsford--South Langley,42.4,41.1,43.6,0.6,116385,55.1,56.7,53.5,0.8,7.2,37600,44800,32800,8.1,7.2,9.3,Abbotsford—South Langley,British Columbia,Sukhman,Gill,Conservative
39,Abitibi--Baie-James--Nunavik--Eeyou,37.2,36.9,37.6,0.7,89085,55.7,55.7,55.7,60.4,2,43200,48800,38800,6.2,6.8,5.4,Abitibi—Baie-James—Nunavik—Eeyou,Quebec,Mandy,Gull-Masty,Liberal
40,Abitibi--Témiscamingue,43.1,42.6,43.7,0.6,103735,45.5,45.9,45.1,94,2.3,42000,50000,35200,5.7,6.5,4.9,Abitibi—Témiscamingue,Quebec,Sébastien,Lemire,Bloc Québécois
16,Acadie--Annapolis,47.2,46.2,48.1,0.3,76200,51.7,55.4,48.1,12.6,6.2,33200,38400,29200,12.7,12.4,12.9,Acadie—Annapolis,Nova Scotia,Chris,d'Entremont,Liberal
28,Acadie--Bathurst,49.3,48.6,50,0.2,79580,54.1,55.9,52.2,81.4,2.6,34000,37600,30000,13.7,16.7,10.4,Acadie—Bathurst,New Brunswick,Serge,Cormier,Liberal
41,Ahuntsic-Cartierville,42,40.6,43.3,2.4,111510,33.9,34.1,33.7,50,3.6,37600,39200,36400,10.2,10.7,9.8,Ahuntsic-Cartierville,Quebec,Mélanie,Joly,Liberal
271,Airdrie--Cochrane,36.7,36.1,37.3,0.5,115240,40.7,41.3,40.1,1.9,4.2,50800,65000,40800,10.6,9.8,11.5,Airdrie—Cochrane,Alberta,Blake,Richards,Conservative
118,Ajax,38.6,37.6,39.5,0.3,126670,42,43.6,40.5,1.1,7.7,42400,47200,38800,13.4,12.3,14.5,Ajax,Ontario,Jennifer,McKelvie,Liberal
42,Alfred-Pellan,42.7,41.7,43.7,0.5,113175,39,39.9,38.2,58.5,2.2,42400,46000,39600,7.4,7.7,7.1,Alfred-Pellan,Quebec,Angelo,Iacono,Liberal
119,Algonquin--Renfrew--Pembroke,44.2,43.1,45.3,0.5,107420,49.6,52.9,46.4,4.9,3.5,42000,51200,35200,9.2,8,10.6,Algonquin—Renfrew—Pembroke,Ontario,Cheryl,Gallant,Conservative
43,Argenteuil--La Petite-Nation,43.5,43.1,43.9,0.2,109205,48.9,50.2,47.6,86.6,3.2,40800,44400,37200,7.9,7.5,8.2,Argenteuil—La Petite-Nation,Quebec,Stéphane,Lauzon,Liberal
120,Aurora--Oak Ridges--Richmond Hill,40.7,39.8,41.5,0.3,117750,34.1,34.7,33.5,0.7,8.2,40400,46000,36400,12.5,11.1,14,Aurora—Oak Ridges—Richmond Hill,Ontario,Costas,Menegakis,Conservative
3,Avalon,44.7,44.1,45.3,0,81735,44.7,45,44.4,0.2,3.2,38800,44800,34000,14.3,17,11.5,Avalon,Newfoundland and Labrador,Paul,Connors,Liberal
122,Barrie--Springwater--Oro-Medonte,42.2,41,43.3,0.5,115490,44.9,48.1,41.9,1.6,5.5,41600,47600,37200,12.1,10.2,14.3,Barrie South—Innisfil,Ontario,John,Brassard,Conservative
121,Barrie South--Innisfil,39.7,38.7,40.6,0.3,120380,47.7,50,45.4,1.5,6.9,42800,51200,37200,11.9,10.1,13.8,Barrie—Springwater—Oro-Medonte,Ontario,Doug,Shipley,Conservative
272,Battle River--Crowfoot,42.7,42,43.5,0.5,110215,52.7,54.8,50.7,1,8.8,41200,49600,35200,9.1,9.4,8.8,Battle River—Crowfoot,Alberta,Pierre,Poilievre,Conservative
256,Battlefords--Lloydminster--Meadow Lake,38.5,38,39.1,0.4,83255,57.3,62.3,52.4,0.9,7.1,39600,43200,36400,10.2,11.2,9,Battlefords—Lloydminster—Meadow Lake,Saskatchewan,Rosemarie,Falk,Conservative
123,Bay of Quinte,45.9,44.6,47.2,0.6,110155,49.3,52.4,46.4,2.4,4.7,38800,44000,34800,11.3,9.8,13,Bay of Quinte,Ontario,Chris,Malette,Liberal
124,Beaches--East York,40.8,39.8,41.7,3.1,109355,35.2,37.4,33.1,1.8,7.4,44000,46800,42000,13.4,13.3,13.6,Beaches—East York,Ontario,Nathaniel,Erskine-Smith,Liberal
44,Beauce,43,42.3,43.6,0.5,111035,46.4,47.9,45,97.2,0.8,40800,45600,35200,5,4.3,5.8,Beauce,Quebec,Jason,Groleau,Conservative
45,Beauharnois--Salaberry--Soulanges--Huntingdon,43.4,42.6,44.2,0.6,118475,47.7,49.2,46.2,86.5,1.7,40400,45600,35600,5.8,6.2,5.5,Beauharnois—Salaberry—Soulanges—Huntingdon,Quebec,Claude,DeBellefeuille,Bloc Québécois
46,Beauport--Limoilou,44.3,42.8,45.7,1.7,113660,38.5,37.5,39.6,91.9,1.6,40400,43200,37600,7.7,8.1,7.4,Beauport—Limoilou,Quebec,Steeve,Lavoie,Liberal
29,Beauséjour,45.6,45,46.3,0.2,88560,47.3,50.8,44,58.4,2.9,39600,43200,36400,10.3,11.7,8.8,Beauséjour,New Brunswick,Dominic,LeBlanc,Liberal
47,Bécancour--Nicolet--Saurel--Alnôbak,46.6,45.5,47.7,0.7,96435,44.8,45.3,44.3,96.8,0.8,38000,43600,32800,5.9,6.2,5.7,Bécancour—Nicolet—Saurel—Alnôbak,Quebec,Louis,Plamondon,Bloc Québécois
48,Bellechasse--Les Etchemins--Lévis,45.1,44,46.2,0.6,111740,39.2,39.4,39,96.3,1.8,42800,47200,38400,5.8,5.3,6.4,Bellechasse—Les Etchemins—Lévis,Quebec,Dominique,Vien,Conservative
49,Beloeil--Chambly,41.5,40.6,42.3,1,114555,36.1,38,34.3,90.9,1.6,48800,55600,42800,4.8,4.9,4.8,Beloeil—Chambly,Quebec,Yves-François,Blanchet,Bloc Québécois
50,Berthier--Maskinongé,45.5,45.1,45.9,0.4,108640,48.6,48.9,48.3,96.8,1.9,37600,42800,32800,6.1,6.5,5.7,Berthier—Maskinongé,Quebec,Yves,Perron,Bloc Québécois
51,Bourassa,41.1,39.8,42.3,0.7,105635,48.8,50.2,47.4,48.2,4.5,33200,34400,32000,10.9,10.9,10.9,Bourassa,Quebec,Abdelhaq,Sari,Liberal
273,Bow River,37.8,37.4,38.2,0.4,112770,56.1,57.4,54.8,0.8,5,43200,52000,35600,9.6,9.3,10,Bow River,Alberta,David,Bexte,Conservative
125,Bowmanville--Oshawa North,37.8,37,38.6,0.1,128535,41.9,44.7,39.3,1.5,5.1,45600,53600,39600,12.4,11.2,13.7,Bowmanville—Oshawa North,Ontario,Jamil,Jivani,Conservative
127,Brampton--Chinguacousy Park,39.2,38.2,40.2,0.3,115565,48.1,48.3,47.8,0.7,10.9,36800,40000,34000,13.8,12,15.9,Brampton Centre,Ontario,Amandeep,Sodhi,Liberal
126,Brampton Centre,39.5,38.6,40.5,0.3,109455,47.3,49,45.7,0.9,9.9,38000,41200,34800,13.7,11.8,15.9,Brampton East,Ontario,Maninder,Sidhu,Liberal
128,Brampton East,37.2,36.4,38,0.1,119210,48.4,48.9,47.9,0.2,8.2,33200,35200,31800,13.6,11.8,15.7,Brampton North—Caledon,Ontario,Ruby,Sahota,Liberal
129,Brampton North--Caledon,37.6,36.8,38.4,0.1,106760,45.1,46.2,44,0.5,8.6,37600,40800,35200,12.4,10.5,14.6,Brampton South,Ontario,Sonia,Sidhu,Liberal
130,Brampton South,37.3,36.4,38.3,0,113250,41.9,41.4,42.3,0.5,8,34800,37600,32400,13.7,12.1,15.6,Brampton West,Ontario,Amarjeet,Gill,Conservative
131,Brampton West,33.7,33.2,34.2,0.1,114255,41.5,43,40.1,0.7,8.2,38000,40800,35600,12.5,9.8,15.6,Brampton—Chinguacousy Park,Ontario,Shafqat,Ali,Liberal
241,Brandon--Souris,40.1,38.8,41.5,0.8,93930,52.2,56.2,48.2,1.2,4.4,40800,47200,36000,6.6,6.3,6.9,Brandon—Souris,Manitoba,Grant,Jackson,Conservative
132,Brantford--Brant South--Six Nations,41.6,40.5,42.7,0.4,121545,51,53.7,48.5,0.9,4.2,40000,45200,35600,11.9,10.6,13.4,Brantford—Brant South—Six Nations,Ontario,Larry,Brock,Conservative
52,Brome--Missisquoi,47.5,46.9,48.1,0.7,113915,42.3,43.4,41.1,82.9,1.5,40000,44800,35600,6.1,6.3,6,Brome—Missisquoi,Quebec,Louis,Villeneuve,Liberal
53,Brossard--Saint-Lambert,43.6,42.1,45,1.5,114290,31.3,31.4,31.2,45.3,2.9,42000,46000,38800,9,9,9,Brossard—Saint-Lambert,Quebec,Alexandra,Mendès,Liberal
133,Bruce--Grey--Owen Sound,45.8,44.9,46.8,0.6,113350,51.2,53.4,49,0.8,3.2,38000,42800,34400,9.1,7.8,10.6,Bruce—Grey—Owen Sound,Ontario,Alex,Ruff,Conservative
134,Burlington,45.1,43.4,46.5,0.8,125435,37.6,38,37.2,1.5,4.3,48000,55600,42400,10.8,10.3,11.4,Burlington,Ontario,Karina,Gould,Liberal
135,Burlington North--Milton West,37.5,36.7,38.2,0.3,125575,34,34.7,33.3,1.2,4.9,50400,61200,42800,10.7,9,12.5,Burlington North—Milton West,Ontario,Adam,van Koeverden,Liberal
310,Burnaby Central,41.8,40.8,42.7,0.9,120755,35.9,36.4,35.4,0.7,15.5,37200,41600,33600,9.9,9.2,10.7,Burnaby Central,British Columbia,Wade,Chang,Liberal
311,Burnaby North--Seymour,42.3,41.2,43.3,1.6,119305,35.9,35.9,35.9,1,9.1,44400,51600,39200,8.3,8,8.6,Burnaby North—Seymour,British Columbia,Terry,Beech,Liberal
274,Calgary Centre,39,39,39,2.5,120545,27.5,28.4,26.7,1.8,6.4,49200,55200,44400,11.5,10.8,12.4,Calgary Centre,Alberta,Greg,McLean,Conservative
275,Calgary Confederation,40.8,39.9,41.7,3.1,119505,30.2,31.2,29.2,1.5,5.7,46800,51600,42800,12,12.3,11.6,Calgary Confederation,Alberta,Corey,Hogan,Liberal
276,Calgary Crowfoot,38.7,37.9,39.4,0.4,117345,32,32.1,31.8,1.2,4.7,48000,58000,40800,11.8,11.8,11.8,Calgary Crowfoot,Alberta,Pat,Kelly,Conservative
277,Calgary East,40.4,40.1,40.8,0.6,119555,56.3,57.6,54.8,1.3,8.4,38400,42000,35200,15.5,15.1,15.9,Calgary East,Alberta,Jasraj,Hallan,Conservative
278,Calgary Heritage,41.6,40.5,42.6,0.4,119560,36.3,37.1,35.5,1.3,5.3,46000,53600,40800,12.6,12.7,12.6,Calgary Heritage,Alberta,Shuvaloy,Majumdar,Conservative
279,Calgary McKnight,36.6,36.2,37,0.1,123775,55.1,57,53.2,0.7,7.6,34400,37600,32000,15,14.1,16.1,Calgary McKnight,Alberta,Dalwinder,Gill,Conservative
280,Calgary Midnapore,40.2,39.3,41.1,0.4,118695,38.9,39.2,38.5,1.3,5,46800,55200,40800,11.9,11.5,12.3,Calgary Midnapore,Alberta,Stephanie,Kusie,Conservative
281,Calgary Nose Hill,41.3,40.5,42.1,0.7,117885,40.6,41,40.2,1,6,41600,46800,38000,13.7,13.8,13.5,Calgary Nose Hill,Alberta,Michelle,Rempel Garner,Conservative
282,Calgary Shepard,34.4,33.9,34.9,0.4,115085,36.6,37.8,35.4,1.3,3.9,54800,67500,45200,9.8,9.3,10.3,Calgary Shepard,Alberta,Tom,Kmiec,Conservative
283,Calgary Signal Hill,40,39,41,1.2,120190,31.6,32,31.2,1.4,5,49200,58800,42800,12,11.9,12,Calgary Signal Hill,Alberta,David,McKenzie,Conservative
284,Calgary Skyview,33.7,33.2,34.3,0,114655,39.9,40.8,39,0.9,5,42800,49200,38000,12.4,11.3,13.6,Calgary Skyview,Alberta,Amanpreet,Gill,Conservative
136,Cambridge,40.6,39.5,41.7,0.4,119500,50.5,50.9,50.2,1.1,4.2,41600,48400,36000,11.4,10.2,12.7,Cambridge,Ontario,Connie,Cody,Conservative
17,Cape Breton--Canso--Antigonish,46.7,46.1,47.3,0.2,75030,45.9,47.4,44.5,5.6,5.2,36000,39600,32400,17.4,18.3,16.3,Cape Breton—Canso—Antigonish,Nova Scotia,Jaime,Battiste,Liberal
4,Cape Spear,42.4,41.3,43.5,0.1,85165,40.5,42.8,38.4,0.4,4.2,42400,46400,39200,10.4,12.7,8.2,Cape Spear,Newfoundland and Labrador,Tom,Osborne,Liberal
11,Cardigan,42.5,41.7,43.3,0.2,39230,43,48.2,38.1,1.4,5,39600,42400,37200,10.1,10.3,9.9,Cardigan,Prince Edward Island,Kent,MacDonald,Liberal
312,Cariboo--Prince George,42.6,42.1,43,0.6,117150,54.3,54.8,53.7,0.9,4.5,40800,50000,34400,9.4,10.4,8.4,Cariboo—Prince George,British Columbia,Todd,Doherty,Conservative
137,Carleton,40.4,40,40.8,0.4,124305,34,35,33,7,3.7,58000,68000,49600,8.2,7.3,9.3,Carleton,Ontario,Bruce,Fanjoy,Liberal
257,Carlton Trail--Eagle Creek,39.1,38.6,39.6,0.3,84105,51.6,56.4,46.6,1.6,6.2,44800,54400,37600,5.6,5.4,5.9,Carlton Trail—Eagle Creek,Saskatchewan,Kelly,Block,Conservative
5,Central Newfoundland,48.5,47.8,49.1,0.1,74120,57.4,56.2,58.7,0.2,4.2,32400,38800,27800,20.2,23.5,16.7,Central Newfoundland,Newfoundland and Labrador,Clifford,Small,Conservative
18,Central Nova,46.1,45.2,47,0.1,76215,48.3,50.5,46.2,1.4,4.7,38000,44000,33200,12.4,11.8,13,Central Nova,Nova Scotia,Sean,Fraser,Liberal
54,Charlesbourg--Haute-Saint-Charles,43.3,42,44.5,0.6,113305,36.5,35.4,37.7,93.5,1.5,45600,50400,41600,6.4,6.1,6.7,Charlesbourg—Haute-Saint-Charles,Quebec,Pierre,Paul-Hus,Conservative
12,Charlottetown,42.4,40.6,44.1,0.6,38810,37.9,40.7,35.3,1.8,3.2,36800,38400,35200,9.7,10.3,9,Charlottetown,Prince Edward Island,Sean,Casey,Liberal
55,Châteauguay--Les Jardins-de-Napierville,41.3,40.6,42,0.6,114945,47,49,44.9,71.6,2.5,41600,46000,37200,6.4,6.4,6.4,Châteauguay—Les Jardins-de-Napierville,Quebec,Nathalie,Provost,Liberal
138,Chatham-Kent--Leamington,43.8,42.6,44.9,0.9,134225,56.4,59.6,53.4,1.9,3.6,38000,42800,33600,10.6,9.8,11.5,Chatham-Kent—Leamington,Ontario,Dave,Epp,Conservative
56,Chicoutimi--Le Fjord,45.3,44.2,46.4,0.4,92460,38,37,39,97.2,0.8,40400,48000,33200,6,6.1,5.9,Chicoutimi—Le Fjord,Quebec,Richard,Martel,Conservative
313,Chilliwack--Hope,42.7,41.7,43.6,1.1,119080,53.3,55,51.6,1,4.6,39200,47600,33200,7.1,6.3,7.9,Chilliwack—Hope,British Columbia,Mark,Strahl,Conservative
242,Churchill--Keewatinook Aski,31.9,31.8,32,0.3,82745,68.3,70.5,66.1,0.6,4.8,31000,30000,31800,14.3,15.5,13,Churchill—Keewatinook Aski,Manitoba,Rebecca,Chartrand,Liberal
314,Cloverdale--Langley City,38.8,37.8,39.7,0.4,117050,46.5,48.2,44.9,0.7,9,44800,53600,38800,7.3,6.4,8.3,Cloverdale—Langley City,British Columbia,Tamara,Jansen,Conservative
315,Columbia--Kootenay--Southern Rockies,45.1,44.6,45.7,1.9,117110,44.7,45,44.4,1.8,4.9,40400,48800,34000,8,8,8.1,Columbia—Kootenay—Southern Rockies,British Columbia,Rob,Morrison,Conservative
57,Compton--Stanstead,42.1,41.8,42.4,0.5,113285,40.9,42.7,39,85.6,1.1,41200,44800,37600,4.8,4.5,5.1,Compton—Stanstead,Quebec,Marianne,Dandurand,Liberal
316,Coquitlam--Port Coquitlam,40.8,39.9,41.7,0.8,114565,38.8,39.3,38.3,0.9,11.1,42000,49600,36400,8.2,7.8,8.7,Coquitlam—Port Coquitlam,British Columbia,Ron,McKinnon,Liberal
58,Côte-du-Sud--Rivière-du-Loup--Kataskomiq--Témiscouata,47.4,46.5,48.3,0.5,116215,45.2,45.5,44.9,98.2,2.6,37600,41600,33200,6.8,6.5,7.1,Côte-du-Sud—Rivière-du-Loup—Kataskomiq—Témiscouata,Quebec,Bernard,Généreux,Conservative
59,Côte-Nord--Kawawachikamach--Nitassinan,43.9,43.5,44.3,0.7,88525,48.6,47.1,50.2,84.9,2.1,43200,51200,36400,7.5,8.4,6.5,Côte-Nord—Kawawachikamach—Nitassinan,Quebec,Marilène,Gill,Bloc Québécois
317,Courtenay--Alberni,49.2,48.5,49.8,2,122815,45.8,46.8,44.9,1.6,5.3,38000,43600,34000,8.8,9.5,8.1,Courtenay—Alberni,British Columbia,Gord,Johns,NDP
318,Cowichan--Malahat--Langford,43.7,43,44.4,1.5,124105,46.3,48.2,44.6,1.3,4.6,42400,49200,37600,6.8,6.9,6.7,Cowichan—Malahat—Langford,British Columbia,Jeff,Kibble,Conservative
19,Cumberland--Colchester,46.4,45.5,47.2,0.3,82015,50.9,54.4,47.6,1,5.2,35200,39600,31800,12.7,12.8,12.5,Cumberland—Colchester,Nova Scotia,Alana,Hirtle,Liberal
20,Dartmouth--Cole Harbour,42.6,41.5,43.7,0.6,105020,40.7,43.4,38.3,2.9,4.4,42400,48000,38000,11.2,10.2,12.2,Dartmouth—Cole Harbour,Nova Scotia,Darren,Fisher,Liberal
139,Davenport,40.8,39.9,41.6,5.5,125050,44.1,46.6,41.7,1.3,10.1,39600,42800,36400,13.3,12.6,14,Davenport,Ontario,Julie,Dzerowicz,Liberal
319,Delta,43,42,44,0.9,117735,45.6,45.7,45.5,0.7,7.2,42400,49600,37200,7.4,6.8,8,Delta,British Columbia,Jill,McKnight,Liberal
258,Desnethé--Missinippi--Churchill River,30.9,30.7,31.1,0.3,37845,73.4,76.6,70.2,0.3,12.4,30000,27400,32400,18.6,21,16.1,Desnethé—Missinippi—Churchill River,Saskatchewan,Buckley,Belanger,Liberal
140,Don Valley North,43.2,41.5,44.8,0.3,111115,29.1,29.4,28.8,0.8,12.7,38000,41200,36000,13.7,11.7,15.8,Don Valley North,Ontario,Maggie,Chi,Liberal
141,Don Valley West,41.6,39.9,43.2,1.4,120580,33.4,34.2,32.6,1.3,9.8,41200,44800,38800,13.2,11.8,14.6,Don Valley West,Ontario,Robert,Oliphant,Liberal
60,Dorval--Lachine--LaSalle,42.1,40.7,43.4,1.1,114660,41.5,42.7,40.3,35.5,3.7,37200,38800,35600,10.3,10.4,10.2,Dorval—Lachine—LaSalle,Quebec,Anju,Dhillon,Liberal
61,Drummond,43.2,42.2,44.1,0.9,107965,46,47.1,44.9,94.5,1.2,38400,43200,34400,5.4,5.3,5.4,Drummond,Quebec,Martin,Champoux,Bloc Québécois
142,Dufferin--Caledon,40.8,40,41.7,0.2,120815,46.6,48.6,44.7,0.9,5.4,45600,54400,39200,10.4,8.6,12.4,Dufferin—Caledon,Ontario,Kyle,Seeback,Conservative
285,Edmonton Centre,41,40.5,41.6,1.8,115155,43.2,44.8,41.5,1.8,7.3,40800,44000,38000,14,14.3,13.7,Edmonton Centre,Alberta,Eleanor,Olszewski,Liberal
286,Edmonton Gateway,36.2,35.3,37,0.3,110170,38.5,38.5,38.4,1.4,5.1,46400,54400,39600,12.1,11.4,12.8,Edmonton Gateway,Alberta,Tim,Uppal,Conservative
287,Edmonton Griesbach,41,40.3,41.7,0.9,111125,54.8,55.4,54.3,1.6,7.2,37600,41200,34800,15.9,16.2,15.6,Edmonton Griesbach,Alberta,Kerry,Diotte,Conservative
288,Edmonton Manning,36.6,36,37.1,0.3,112175,50.4,50.8,50.1,1.6,5.1,44000,50800,38800,13,12.9,13.1,Edmonton Manning,Alberta,Ziad,Aboultaif,Conservative
289,Edmonton Northwest,37.2,36.4,37.9,0.3,112965,46.3,47.3,45.3,1.4,5.1,45600,53200,40000,12.3,11.8,12.7,Edmonton Northwest,Alberta,Billy,Morin,Conservative
290,Edmonton Riverbend,37.8,37.1,38.5,0.6,111605,31.6,32,31.2,1.2,4.7,52000,62800,44400,10.6,10.2,11.1,Edmonton Riverbend,Alberta,Matt,Jeneroux,Conservative
291,Edmonton Southeast,36.1,35.2,36.9,0.3,113210,44.5,45.1,43.9,1.3,4.9,40800,46400,36800,12,11.2,12.9,Edmonton Southeast,Alberta,Jagsharan Singh,Mahal,Conservative
292,Edmonton Strathcona,40.8,39.8,41.9,3,111545,35.1,37,33.2,2.8,5.4,44000,48400,40400,12.5,13.1,11.9,Edmonton Strathcona,Alberta,Heather,McPherson,NDP
293,Edmonton West,38.6,37.6,39.5,0.5,112940,39.9,41.2,38.7,1.4,5.4,47600,55200,42400,11.9,11.9,11.9,Edmonton West,Alberta,Kelly,McCauley,Conservative
143,Eglinton--Lawrence,41.4,39.6,43,1.2,115830,34.4,35.9,33.1,1,8,44000,49600,41200,12.2,11.2,13.3,Eglinton—Lawrence,Ontario,Vince,Gasparro,Liberal
13,Egmont,44.6,43.7,45.5,0.3,37755,55.6,60.8,50.8,6.7,3.6,37200,40400,34400,12,13,11,Egmont,Prince Edward Island,Robert,Morrissey,Liberal
144,Elgin--St. Thomas--London South,41.9,40.9,42.9,0.4,112450,50.5,53.3,47.8,0.9,2.9,41600,48000,36400,10.2,9.2,11.3,Elgin—St. Thomas—London South,Ontario,Andrew,Lawton,Conservative
243,Elmwood--Transcona,38.9,37.9,39.9,0.8,99365,51.2,53.3,49.2,1.9,4.7,40800,45600,36800,8.7,8.3,9.2,Elmwood—Transcona,Manitoba,Colin,Reynolds,Conservative
320,Esquimalt--Saanich--Sooke,43.3,42.4,44.1,4.2,120175,43.1,44.9,41.3,1.8,6,45200,51200,40400,6.4,6.5,6.2,Esquimalt—Saanich—Sooke,British Columbia,Stephanie,McLean,Liberal
145,Essex,42.5,41.7,43.3,0.4,131825,46.2,47.2,45.2,2.8,2.4,46400,54800,38800,12.3,11.8,12.9,Essex,Ontario,Chris,Lewis,Conservative
147,Etobicoke Centre,43.8,42.2,45.2,0.5,125605,36,36.1,35.9,1,8.2,44800,49200,41200,12.7,11.5,14,Etobicoke Centre,Ontario,Yvan,Baker,Liberal
146,Etobicoke North,39.9,38.9,40.9,0.4,116890,52.3,52.8,51.8,0.7,11.8,32800,34400,31600,16.3,14.7,18.1,Etobicoke North,Ontario,John,Zerucelli,Liberal
148,Etobicoke--Lakeshore,42.3,41.3,43.2,1.3,120955,32,34.1,30,1.5,8.6,48400,52800,45200,11.6,10.7,12.6,Etobicoke—Lakeshore,Ontario,James,Maloney,Liberal
149,Flamborough--Glanbrook--Brant North,41.1,40.4,41.8,0.2,103720,41.7,43.5,39.9,1,3.6,48400,58000,41600,8.7,7.9,9.7,Flamborough—Glanbrook—Brant North,Ontario,Dan,Muys,Conservative
321,Fleetwood--Port Kells,40.1,39.2,41,0.3,117420,48.8,49.7,47.9,0.4,10.1,36400,41200,32400,8.4,7.7,9.2,Fleetwood—Port Kells,British Columbia,Gurbux,Saini,Liberal
294,Foothills,42.6,41.9,43.3,0.4,114995,46.4,47.2,45.7,1.1,4.5,42400,52800,35600,9.1,9.1,9,Foothills,Alberta,John,Barlow,Conservative
295,Fort McMurray--Cold Lake,34.4,34.7,34.2,0.3,110515,45.6,45.1,46.2,2.6,3.5,61200,88000,42400,9.5,8.4,10.9,Fort McMurray—Cold Lake,Alberta,Laila,Goodridge,Conservative
30,Fredericton--Oromocto,40.7,39.3,42.1,1.2,84990,39.5,42.3,36.8,7.3,2.8,42000,48400,37600,7.9,8.2,7.7,Fredericton—Oromocto,New Brunswick,David,Myles,Liberal
31,Fundy Royal,44.1,43.2,44.9,0.3,73565,50,51.7,48.3,4.8,3,38800,44000,34000,9.5,10.1,8.8,Fundy Royal,New Brunswick,Rob,Moore,Conservative
62,Gaspésie--Les Îles-de-la-Madeleine--Listuguj,48.9,48.2,49.6,0.3,110225,48.9,50,47.9,91.6,2.7,36400,40000,33200,10.9,12.6,9,Gaspésie—Les Îles-de-la-Madeleine—Listuguj,Quebec,Alexis,Deschênes,Bloc Québécois
63,Gatineau,41.8,40.7,42.8,0.7,109320,44.5,46.2,42.9,79.7,1.6,46000,48800,43600,9.4,9.6,9.2,Gatineau,Quebec,Steven,MacKinnon,Liberal
296,Grande Prairie,36.3,36,36.6,0.5,112905,54,55.4,52.6,1.8,6.9,48000,63200,38000,11.3,11.3,11.4,Grande Prairie,Alberta,Chris,Warkentin,Conservative
150,Guelph,40.6,39.1,41.9,1.2,118690,42.4,44.5,40.5,1.1,5.5,43600,49200,39200,11,9.9,12.2,Guelph,Ontario,Dominique,O'Rourke,Liberal
151,Haldimand--Norfolk,44.3,43.5,45.1,0.2,116705,51.8,54.3,49.2,0.8,2.9,40800,48800,34400,9.4,8.4,10.6,Haldimand—Norfolk,Ontario,Leslyn,Lewis,Conservative
152,Haliburton--Kawartha Lakes,48.3,47.5,49.2,0.3,119150,49.3,50.7,48,0.9,6.4,39600,45600,34800,11,10.4,11.6,Haliburton—Kawartha Lakes,Ontario,Jamie,Schmale,Conservative
21,Halifax,39.3,38.2,40.4,2.2,98880,31.7,33,30.4,2,6,38400,40400,36400,13.8,12.8,14.9,Halifax,Nova Scotia,Shannon,Miedema,Liberal
22,Halifax West,40.8,39.5,41.9,0.3,100350,35.8,37.5,34.1,2,4.6,41600,46400,38400,10.8,9.9,11.6,Halifax West,Nova Scotia,Lena Metlege,Diab,Liberal
153,Hamilton Centre,40.4,39.9,41,1.5,126190,48.9,51.5,46.2,1.4,8.9,36000,38400,34400,13.9,13.6,14.2,Hamilton Centre,Ontario,Aslam,Rana,Liberal
154,Hamilton East--Stoney Creek,41.3,40.2,42.4,0.3,126690,49,50.3,47.8,1,5.6,40000,45200,35200,12.9,12,13.8,Hamilton East—Stoney Creek,Ontario,Ned,Kuruc,Conservative
155,Hamilton Mountain,42,40.4,43.5,0.3,115635,49,50.9,47.3,1,5.1,39200,43600,35600,13.3,12.8,13.9,Hamilton Mountain,Ontario,Lisa,Hepfner,Liberal
156,Hamilton West--Ancaster--Dundas,42.8,41.3,44.2,0.8,120505,35.9,36.6,35.2,0.9,4.4,44000,50000,39600,11.8,11.4,12.1,Hamilton West—Ancaster—Dundas,Ontario,John-Paul,Danko,Liberal
157,Hastings--Lennox and Addington--Tyendinaga,45.8,45,46.6,0.2,106475,49.7,52.2,47.2,1.5,5.1,39600,45200,34800,10.2,9.9,10.6,Hastings—Lennox and Addington—Tyendinaga,Ontario,Shelby,Kramp-Neuman,Conservative
64,Hochelaga--Rosemont-Est,41.1,40.1,42.2,4.7,110060,33.6,34,33.2,70.1,3,38400,39600,36800,9.2,9.6,8.8,Hochelaga—Rosemont-Est,Quebec,Marie-Gabrielle,Ménard,Liberal
65,Honoré-Mercier,42.8,41.3,44.2,0.6,105435,43.6,44.2,43.1,44.9,2.5,38400,40800,36400,8.6,8.9,8.4,Honoré-Mercier,Quebec,Eric,St-Pierre,Liberal
66,Hull--Aylmer,41.4,40.2,42.6,2.2,105560,36.3,37.6,35.1,60.5,1.7,45600,47200,44000,10.3,10,10.5,Hull—Aylmer,Quebec,Greg,Fergus,Liberal
158,Humber River--Black Creek,39.4,38.2,40.6,0.4,111595,58.9,60.4,57.5,0.5,13.3,31400,33200,30400,17.8,16.3,19.4,Humber River—Black Creek,Ontario,Judy A.,Sgro,Liberal
159,Huron--Bruce,44.3,43.5,45.1,0.7,112930,48.3,49.9,46.8,0.8,2.4,42400,51600,35600,6.9,5.5,8.6,Huron—Bruce,Ontario,Ben,Lobb,Conservative
67,Joliette--Manawan,45.4,44.4,46.3,0.9,104735,47.1,48,46.3,92.3,2.2,38000,41600,34000,7.4,7.5,7.3,Joliette—Manawan,Quebec,Gabriel,Ste-Marie,Bloc Québécois
68,Jonquière,44.2,43.6,44.8,0.4,91060,36.3,36,36.6,98.2,0.8,42000,50000,34000,5.3,5.9,4.7,Jonquière,Quebec,Mario,Simard,Bloc Québécois
322,Kamloops--Shuswap--Central Rockies,45.2,44.6,45.9,2.2,109220,46.9,47.8,46,1.6,5.2,39600,47600,34000,8.2,8.5,7.9,Kamloops—Shuswap—Central Rockies,British Columbia,Mel,Arnold,Conservative
323,Kamloops--Thompson--Nicola,44.8,43.9,45.7,0.9,111690,50.5,51.8,49.1,1,6,39200,46800,34000,8.5,8.9,8.1,Kamloops—Thompson—Nicola,British Columbia,Frank,Caputo,Conservative
160,Kanata,40.2,39.4,41.1,0.8,121565,31.1,31.7,30.4,6.1,4,54000,65500,46400,9.3,8.5,10.3,Kanata,Ontario,Jenna,Sudds,Liberal
161,Kapuskasing--Timmins--Mushkegowuk,42.7,42.1,43.3,0.5,93905,53.2,54.9,51.5,35.3,4.1,42000,49200,36000,9.3,9.1,9.6,Kapuskasing—Timmins—Mushkegowuk,Ontario,Gaétan,Malette,Conservative
324,Kelowna,43.6,42.3,44.9,2.7,105715,44,45.2,42.9,1.5,5.2,40400,45200,36400,8.3,8.5,8.1,Kelowna,British Columbia,Stephen,Fuhr,Liberal
162,Kenora--Kiiwetinoong,39.6,39,40.1,0.5,61960,58.6,61,56.2,1.6,4.7,42000,46000,38800,8.6,9.4,7.6,Kenora—Kiiwetinoong,Ontario,Eric,Melillo,Conservative
244,Kildonan--St. Paul,42.2,40.7,43.7,0.6,99620,46.3,47.7,45,1,3.9,43200,49200,38400,7.6,7.6,7.7,Kildonan—St. Paul,Manitoba,Raquel,Dancho,Conservative
164,King--Vaughan,39.3,38.6,40,0.2,124400,41.4,42.1,40.7,0.6,6.8,43600,50400,38800,11.9,10.7,13.2,King—Vaughan,Ontario,Anna,Roberts,Conservative
23,Kings--Hants,44.7,43.8,45.6,0.4,95115,46.5,49.3,44,1.2,3.7,36800,42800,32400,11.3,10.4,12.3,Kings—Hants,Nova Scotia,Kody,Blois,Liberal
163,Kingston and the Islands,42.9,41.5,44.2,1.5,134415,40.3,43.6,37.3,3.1,3.4,41600,45600,38800,13.1,11.9,14.3,Kingston and the Islands,Ontario,Mark,Gerretsen,Liberal
166,Kitchener--Conestoga,38.9,38.1,39.7,0.6,112975,45.3,45.9,44.6,0.7,2.7,46400,54800,39600,8.3,6.9,9.9,Kitchener Centre,Ontario,Kelly,DeRidder,Conservative
165,Kitchener Centre,40.5,39.4,41.6,0.9,113405,45.1,46.5,43.7,1,4.7,40800,45600,36800,11.1,10.2,12.2,Kitchener South—Hespeler,Ontario,Matt,Strauss,Conservative
167,Kitchener South--Hespeler,38,37.1,38.8,0.4,119850,44.5,45.9,43.2,1,3.3,42800,48800,38000,10.8,9.1,12.7,Kitchener—Conestoga,Ontario,Tim,Louis,Liberal
69,La Pointe-de-l'Île,42.8,41.5,44,1.2,110485,43.6,44.9,42.4,76.4,2.3,40400,43200,37600,8.7,8.8,8.6,La Pointe-de-l'Île,Quebec,Mario,Beaulieu,Bloc Québécois
70,La Prairie--Atateken,40.4,39.6,41.2,0.9,114970,37.6,38.6,36.6,77.2,1.5,48400,54400,43200,5.5,5.3,5.8,La Prairie—Atateken,Quebec,Jacques,Ramsay,Liberal
6,Labrador,38.4,38.3,38.6,0.2,26655,47.1,45,49.3,1.5,4.6,49200,64000,40400,12.6,13.8,11.2,Labrador,Newfoundland and Labrador,Philip,Earle,Liberal
71,Lac-Saint-Jean,46.1,45.4,46.9,0.5,92035,42.1,40.5,43.7,98.5,1.4,39200,46000,32800,6.3,7.1,5.4,Lac-Saint-Jean,Quebec,Alexis,Brunelle-Duceppe,Bloc Québécois
72,Lac-Saint-Louis,43.9,42.5,45.2,1.2,110090,29.7,30.8,28.6,20.7,2,44000,49200,40000,8.5,8.5,8.5,Lac-Saint-Louis,Quebec,Francis,Scarpaleggia,Liberal
297,Lakeland,40.9,40.3,41.6,0.4,105645,52.5,53.8,51.2,2.6,10.5,41600,50000,35600,9.4,10,8.6,Lakeland,Alberta,Shannon,Stubbs,Conservative
168,Lanark--Frontenac,45.8,45,46.6,0.4,103125,44.6,47,42.3,3.3,3.4,44400,50800,39600,8.8,8.5,9.1,Lanark—Frontenac,Ontario,Scott,Reid,Conservative
325,Langley Township--Fraser Heights,40.1,39.2,41,0.5,117005,42.4,43.3,41.6,0.6,8.9,45200,56400,37600,6.6,5.8,7.4,Langley Township—Fraser Heights,British Columbia,Tako,Van Popta,Conservative
73,LaSalle--Émard--Verdun,41.6,40.2,42.9,2.7,112300,36.9,37.7,36.2,52.6,3.1,38800,40400,37200,10.1,10.3,9.8,LaSalle—Émard—Verdun,Quebec,Claude,Guay,Liberal
74,Laurentides--Labelle,49.2,48.9,49.6,0.5,92895,45.8,46.8,44.8,92.7,4.3,36400,40000,33200,10.5,10.7,10.3,Laurentides—Labelle,Quebec,Marie-Hélène,Gaudreau,Bloc Québécois
75,Laurier--Sainte-Marie,39.6,40,39.1,10,115700,23,23.8,22,62.7,3.9,39600,41600,37600,10.6,11.2,9.8,Laurier—Sainte-Marie,Quebec,Steven,Guilbeault,Liberal
76,Laval--Les Îles,42.1,41.2,43,0.3,111785,42.7,43.8,41.7,41,2.5,38800,41600,36400,9.9,9.7,10.1,Laval—Les Îles,Quebec,Fayçal,El-Khoury,Liberal
298,Leduc--Wetaskiwin,38.5,38,39.1,0.4,114240,51.3,51.4,51.3,1.7,6.3,44400,55600,37200,11.3,11.1,11.4,Leduc—Wetaskiwin,Alberta,Mike,Lake,Conservative
169,Leeds--Grenville--Thousand Islands--Rideau Lakes,46.9,45.9,47.8,0.3,104070,45.7,48.5,43.1,3.2,3.3,41600,46800,37600,10.3,9.6,11.1,Leeds—Grenville—Thousand Islands—Rideau Lakes,Ontario,Michael,Barrett,Conservative
77,Les Pays-d'en-Haut,45.8,45.7,45.9,0.2,106830,39.4,40.4,38.4,89.5,2.6,42000,47600,37600,7.8,8.2,7.4,Les Pays-d'en-Haut,Quebec,Tim,Watchorn,Liberal
299,Lethbridge,39.3,38.4,40.2,0.9,123845,48,50,46.2,0.8,4.1,42000,49200,36400,8.8,8.6,9.2,Lethbridge,Alberta,Rachael,Thomas,Conservative
78,Lévis--Lotbinière,40.9,40.4,41.3,0.6,112830,32.3,32.7,31.8,96.3,1.1,48800,54800,44000,4.6,4.1,5.2,Lévis—Lotbinière,Quebec,Jacques,Gourde,Conservative
171,London--Fanshawe,39.9,38.8,40.9,0.8,126285,52,54.4,49.7,1.1,4.7,37600,40400,35200,14.4,13.7,15.3,London Centre,Ontario,Peter,Fragiskatos,Liberal
170,London Centre,41.2,39.8,42.5,1.6,126600,38.9,41.4,36.5,1.2,4.5,36800,38800,35200,13.8,13.3,14.4,London West,Ontario,Arielle,Kayabaga,Liberal
172,London West,41.5,40.1,42.8,0.6,114370,37.7,39.1,36.3,1.2,3.6,42800,47200,39200,12.4,10.7,14,London—Fanshawe,Ontario,Kurt,Holman,Conservative
7,Long Range Mountains,48.7,48,49.4,0.1,81790,54.2,54.3,54.1,0.6,3.8,33600,38400,29600,19.8,23.8,15.8,Long Range Mountains,Newfoundland and Labrador,Carol,Anstey,Conservative
79,Longueuil--Charles-LeMoyne,40.8,40.1,41.5,1.4,112260,42.7,43.5,41.8,66.8,2.7,38400,41600,35200,8.5,8.3,8.7,Longueuil—Charles-LeMoyne,Quebec,Sherry,Romanado,Liberal
80,Longueuil--Saint-Hubert,42.8,41.3,44.2,1.5,115080,37.3,37.7,36.8,76.6,2,42800,46400,39200,7.4,7.4,7.3,Longueuil—Saint-Hubert,Quebec,Natilien,Joseph,Liberal
81,Louis-Hébert,44,42.5,45.4,1.7,106115,23,21.6,24.2,84.6,1.2,46400,52000,42000,7.4,6.9,7.9,Louis-Hébert,Quebec,Joël,Lightbound,Liberal
82,Louis-Saint-Laurent--Akiawenhrahk,42.5,41.3,43.6,0.5,113225,34.5,35,34.1,93.6,1,48400,54400,43200,5.6,5.4,5.8,Louis-Saint-Laurent—Akiawenhrahk,Quebec,Gérard,Deltell,Conservative
32,Madawaska--Restigouche,47.9,47.1,48.8,0.3,70560,53,54.9,51.3,78.3,2.8,35600,40400,31200,11,12.8,9,Madawaska—Restigouche,New Brunswick,Guillaume,Deschênes-Thériault,Liberal
14,Malpeque,42.8,42.3,43.3,0.1,38535,41.5,46,37,2.1,3,41200,44800,38000,9.6,9.7,9.4,Malpeque,Prince Edward Island,Heath,MacDonald,Liberal
83,Marc-Aurèle-Fortin,40.2,39.4,40.9,0.5,104635,36.1,37.4,35,61.7,1.5,45200,48800,42000,7,7.4,6.6,Marc-Aurèle-Fortin,Quebec,Carlos,Leitão,Liberal
173,Markham--Stouffville,39.7,38.7,40.7,0.3,120845,38.8,38.3,39.2,0.7,8.2,42400,48400,38400,11.7,10.1,13.4,Markham—Stouffville,Ontario,Helena,Jaczek,Liberal
174,Markham--Thornhill,42.6,41.8,43.4,0.4,111085,47.3,46.8,47.7,0.3,11.9,32800,34000,32400,15.5,14.2,17,Markham—Thornhill,Ontario,Tim,Hodgson,Liberal
175,Markham--Unionville,41.4,40.5,42.3,0.2,116970,37.3,36.3,38.2,0.5,12.5,36000,39600,33600,13.3,11.8,14.8,Markham—Unionville,Ontario,Michael,Ma,Liberal
300,Medicine Hat--Cardston--Warner,41,40,41.9,0.3,103820,52.1,53.8,50.4,0.8,4.7,40400,49600,34400,10.2,10,10.5,Medicine Hat—Cardston—Warner,Alberta,Glen,Motz,Conservative
84,Mégantic--L’Érable--Lotbinière,46.7,45.9,47.6,0.9,103115,47.2,47.7,46.7,96.7,1.9,36400,41200,32000,5.4,4.9,6,Mégantic—L'Érable—Lotbinière,Quebec,Luc,Berthold,Conservative
176,Middlesex--London,41.2,40.4,42.1,0.4,115610,40.6,43,38.3,0.7,2.6,46000,53200,40400,9.1,7.9,10.5,Middlesex—London,Ontario,Lianne,Rood,Conservative
177,Milton East--Halton Hills South,37.4,36.7,38.1,0.3,116730,38.2,39.1,37.2,1.3,6.1,49200,58400,42800,10.8,9.8,11.9,Milton East—Halton Hills South,Ontario,Kristina,Tesser Derksen,Liberal
85,Mirabel,38.4,38.1,38.6,0.5,100600,41.4,42.7,40.1,89.3,2,46000,53200,40800,5.4,5.3,5.6,Mirabel,Quebec,Jean-Denis,Garon,Bloc Québécois
33,Miramichi--Grand Lake,47.1,46.3,47.9,0.2,59725,56.4,58.7,54.1,18.6,4.5,34800,38400,31200,15.6,20,11,Miramichi—Grand Lake,New Brunswick,Mike,Dawson,Conservative
326,Mission--Matsqui--Abbotsford,39.6,39,40.2,0.3,118545,53,54.8,51.2,0.6,4.4,40400,49600,34000,6.7,6.3,7.2,Mission—Matsqui—Abbotsford,British Columbia,Brad,Vis,Conservative
180,Mississauga--Erin Mills,39.9,39,40.8,0.3,120240,34.3,34.3,34.4,0.8,9.1,39600,44400,35600,14.3,12.8,15.9,Mississauga Centre,Ontario,Fares,Al Soud,Liberal
181,Mississauga--Lakeshore,43.1,42,44.2,0.5,119935,38.3,39.2,37.5,1.3,7.7,45200,50000,41200,12.2,11.3,13.3,Mississauga East—Cooksville,Ontario,Peter,Fonseca,Liberal
182,Mississauga--Malton,39.1,38.3,39.9,0.3,119745,42.6,42.5,42.6,0.6,9.2,35200,38000,32800,15,13,17.3,Mississauga—Erin Mills,Ontario,Iqra,Khalid,Liberal
183,Mississauga--Streetsville,40.9,39.9,41.9,0.2,113765,35.9,35.5,36.2,1.1,6.7,43200,48800,39200,13.1,11.8,14.6,Mississauga—Lakeshore,Ontario,Charles,Sousa,Liberal
178,Mississauga Centre,41,40,41.9,0.2,124085,37,36.5,37.4,0.6,13.1,36400,40800,33200,14.9,12.8,17.4,Mississauga—Malton,Ontario,Iqwinder,Gaheer,Liberal
179,Mississauga East--Cooksville,42.7,41.5,43.9,0.4,120195,43,43.4,42.6,0.8,12.4,37200,41200,34000,14.2,12.2,16.4,Mississauga—Streetsville,Ontario,Rechie,Valdez,Liberal
34,Moncton--Dieppe,42.1,40.9,43.1,0.8,91990,42.9,45.2,40.8,31.3,3.7,38400,41600,35600,8.9,9.5,8.2,Moncton—Dieppe,New Brunswick,Ginette,Petitpas Taylor,Liberal
87,Mont-Saint-Bruno--L’Acadie,41.5,40.6,42.3,1.1,111320,31.8,32,31.7,83.6,1.6,51200,59200,44800,5.2,5.1,5.3,Mont-Saint-Bruno—L'Acadie,Quebec,Bienvenu-Olivier,Ntumba,Liberal
88,Montcalm,39.5,38.9,40,0.4,111955,45.2,47,43.4,92.8,2,43200,48800,37600,5.7,5.7,5.7,Montcalm,Quebec,Luc,Thériault,Bloc Québécois
89,Montmorency--Charlevoix,43.8,43.4,44.2,0.4,101060,37.3,36.8,37.8,96.9,1.5,45200,50400,40800,6.2,5.9,6.5,Montmorency—Charlevoix,Quebec,Gabriel,Hardy,Conservative
259,Moose Jaw--Lake Centre--Lanigan,42.7,41.8,43.5,0.7,83315,50.8,53.8,47.8,1.4,5.5,42800,50800,36800,7.1,7.2,6.9,Moose Jaw—Lake Centre—Lanigan,Saskatchewan,Fraser,Tolmie,Conservative
86,Mount Royal,41.1,39.4,42.7,1.3,112705,30.7,32,29.5,22.4,3.6,36400,38000,34800,11,10.6,11.4,Mount Royal,Quebec,Anthony,Housefather,Liberal
327,Nanaimo--Ladysmith,45.5,44.5,46.5,1.3,122855,44.4,46.1,42.9,1.2,5.7,39600,44400,36000,8.2,8.4,8,Nanaimo—Ladysmith,British Columbia,Tamara,Kronis,Conservative
184,Nepean,38.1,37.3,38.8,0.6,122305,33.9,35.1,32.7,5.8,4.5,50800,58000,45600,10.2,8.7,11.7,Nepean,Ontario,Mark,Carney,Liberal
186,New Tecumseth--Gwillimbury,39.3,38.6,39.9,0.3,119360,46.9,48.8,45,0.9,7.7,44800,52800,38400,10.7,8.7,13,New Tecumseth—Gwillimbury,Ontario,Scot,Davidson,Conservative
328,New Westminster--Burnaby--Maillardville,42.2,41.1,43.2,0.9,114640,38.1,39.8,36.6,1,10.9,43200,48000,39200,8.6,8.2,9,New Westminster—Burnaby—Maillardville,British Columbia,Jake,Sawatzky,Liberal
185,Newmarket--Aurora,40.2,39.1,41.3,0.4,117700,38.5,39.8,37.3,1,7.8,42800,48800,38800,12.3,10.9,13.7,Newmarket—Aurora,Ontario,Sandra,Cobena,Conservative
187,Niagara Falls--Niagara-on-the-Lake,45.1,43.9,46.3,0.6,113500,47.2,47.8,46.6,1.6,5.4,36400,40400,33600,21.4,20.3,22.6,Niagara Falls—Niagara-on-the-Lake,Ontario,Tony,Baldinelli,Conservative
188,Niagara South,44.5,43.4,45.5,0.6,132500,51.3,53,49.6,4.2,5.2,37600,42800,33600,14.8,13.3,16.4,Niagara South,Ontario,Fred,Davies,Conservative
189,Niagara West,43.2,42.3,44.1,0.4,112065,42.8,44.5,41.2,1.4,3.9,44400,53600,37600,10.3,8.9,11.9,Niagara West,Ontario,Dean,Allison,Conservative
190,Nipissing--Timiskaming,44.5,43.6,45.4,0.6,98285,46.6,49.6,43.7,14.3,4.7,39600,44800,35200,10.8,10.4,11.1,Nipissing—Timiskaming,Ontario,Pauline,Rochefort,Liberal
329,North Island--Powell River,47.4,46.7,48.1,1.9,125775,47.1,48.1,46,1.9,6.3,39200,46000,34000,8.7,9.5,7.9,North Island—Powell River,British Columbia,Aaron,Gunn,Conservative
330,North Vancouver--Capilano,43.8,42.5,44.9,2.2,116055,31,32.2,30.1,1.5,10.2,45200,52000,40800,8.1,7.6,8.6,North Vancouver—Capilano,British Columbia,Jonathan,Wilkinson,Liberal
191,Northumberland--Clarke,47,46,48,0.3,106575,47.2,48.6,45.8,1.3,4.5,41600,48800,35600,10.7,10.2,11.4,Northumberland—Clarke,Ontario,Philip,Lawrence,Conservative
355,Northwest Territories,36.4,36.4,36.3,1.5,41070,50.1,52.8,47.5,2.8,8.2,56800,58800,55200,8.7,9.8,7.4,Northwest Territories,Northwest Territories,Rebecca,Alty,Liberal
90,Notre-Dame-de-Grâce--Westmount,41.9,40.3,43.3,3.7,111375,25.5,26.6,24.5,25.7,2.9,40000,41600,38400,10.1,10.3,9.9,Notre-Dame-de-Grâce—Westmount,Quebec,Anna,Gainey,Liberal
357,Nunavut,28.3,28.3,28.2,0.2,36860,70.4,71.7,69.1,1.4,14.9,37600,33200,41600,16.9,19.5,14.2,Nunavut,Nunavut,Lori,Idlout,NDP
192,Oakville East,39.8,39,40.5,0.5,108745,30.6,30.5,30.6,1.2,6,46800,57200,40400,11.6,10.2,13.1,Oakville East,Ontario,Anita,Anand,Liberal
193,Oakville West,41,40,42,0.4,105015,32.9,33.7,32.1,1.6,6.3,47600,58000,40800,11.9,10,13.8,Oakville West,Ontario,Sima,Acan,Liberal
331,Okanagan Lake West--South Kelowna,45.2,44.5,45.8,1.4,106795,41.5,42.6,40.4,1.5,4,42800,50400,37200,7.9,8.4,7.4,Okanagan Lake West—South Kelowna,British Columbia,Dan,Albas,Conservative
194,Orléans,40.5,39.7,41.3,0.5,127000,34.9,36.4,33.5,28.4,3.3,56400,63200,50800,8.7,7.9,9.5,Orléans,Ontario,Marie-France,Lalonde,Liberal
195,Oshawa,42.1,40.9,43.2,0.2,131070,51.3,54.1,48.7,1.7,6.6,39600,44400,35600,15.4,14,16.8,Oshawa,Ontario,Rhonda,Kirkland,Conservative
198,Ottawa Centre,41.3,40.7,41.8,4.9,126560,25.9,27.1,24.7,9.2,4.5,54000,57600,50800,10,9.7,10.3,Ottawa Centre,Ontario,Yasir,Naqvi,Liberal
196,Ottawa South,39.6,38.6,40.6,1.5,126780,39.2,40.5,37.9,10.5,6.4,42800,45200,40800,12.2,11.6,12.8,Ottawa South,Ontario,David,McGuinty,Liberal
197,Ottawa West--Nepean,42.6,40.8,44.2,1.6,128520,36.1,37.2,35,6.6,6.1,43600,46400,41200,12.2,11.6,12.9,Ottawa West—Nepean,Ontario,Anita,Vandenbeld,Liberal
199,Ottawa--Vanier--Gloucester,42.3,41.2,43.3,2.6,126920,37.2,38.2,36.3,23.2,6,43200,45200,41200,12.5,12.1,12.8,Ottawa—Vanier—Gloucester,Ontario,Mona,Fortier,Liberal
91,Outremont,38,36.6,39.3,6.8,115050,24.7,26.3,23.1,46.4,3.4,36400,36800,36000,11.5,11.4,11.5,Outremont,Quebec,Rachel,Bendayan,Liberal
200,Oxford,41.8,40.8,42.7,0.4,121780,52.9,55.5,50.4,0.9,1.9,42800,50000,36800,10.4,9.6,11.3,Oxford,Ontario,Arpan,Khanna,Conservative
92,Papineau,39,38.5,39.6,6.2,110810,38.8,39.9,37.6,47.2,4.9,33200,34400,32400,11,12.1,9.7,Papineau,Quebec,Marjorie,Michel,Liberal
301,Parkland,40,39.5,40.5,0.1,114685,50.8,50.7,51,1.5,6.3,46000,60400,36400,10.7,10.7,10.7,Parkland,Alberta,Dane,Lloyd,Conservative
201,Parry Sound--Muskoka,48.9,48.3,49.5,0.5,104505,48.4,49.4,47.5,1.2,7.9,39200,44800,34800,10.6,10.3,10.9,Parry Sound—Muskoka,Ontario,Scott,Aitchison,Conservative
302,Peace River--Westlock,37.5,37.1,38,0.3,113905,60.6,61.4,59.8,2.7,8.6,40800,50800,34000,10.3,11.1,9.4,Peace River—Westlock,Alberta,Arnold,Viersen,Conservative
202,Perth--Wellington,41.5,40.4,42.6,1.2,113930,55.2,57.9,52.6,0.5,2.6,42400,49200,36400,7.1,6.3,7.9,Perth—Wellington,Ontario,John,Nater,Conservative
203,Peterborough,44.9,43.7,46,1,128345,45.5,48.6,42.8,1,4.5,38800,42800,35600,13.2,12.3,14.2,Peterborough,Ontario,Emma,Harrison,Liberal
204,Pickering--Brooklin,40,39,40.9,0.3,122435,39.7,40.3,39.1,1.1,6.9,46800,53200,42000,12.4,11.8,13,Pickering—Brooklin,Ontario,Juanita,Nathan,Liberal
93,Pierre-Boucher--Les Patriotes--Verchères,42.4,41.6,43.2,0.9,103020,34.3,35.2,33.4,91.9,1.3,50400,58000,44000,4.9,4.9,5,Pierre-Boucher—Les Patriotes—Verchères,Quebec,Xavier,Barsalou-Duval,Bloc Québécois
94,Pierrefonds--Dollard,42.1,41.1,43.1,0.5,109500,36.9,38.1,35.9,22.9,2.4,39200,42400,36400,9.8,10.1,9.4,Pierrefonds—Dollard,Quebec,Sameer,Zuberi,Liberal
332,Pitt Meadows--Maple Ridge,41.1,40.1,42.1,0.5,116915,47.3,48.2,46.4,1,8.1,44800,55600,38000,6.6,6.3,7,Pitt Meadows—Maple Ridge,British Columbia,Marc,Dalton,Conservative
303,Ponoka--Didsbury,40.8,40.1,41.5,0.4,114535,50.2,51.1,49.3,1,4.9,42000,53200,34800,11.1,11.4,10.7,Ponoka—Didsbury,Alberta,Blaine,Calkins,Conservative
95,Pontiac--Kitigan Zibi,40.3,40.1,40.4,0.7,111140,40.2,43.2,37.3,61.5,4,47200,49600,45200,7.9,8.4,7.4,Pontiac—Kitigan Zibi,Quebec,Sophie,Chatel,Liberal
333,Port Moody--Coquitlam,41.7,40.9,42.4,0.4,115260,37,37.2,36.8,0.9,8.4,44000,52000,38400,8.4,8.1,8.9,Port Moody—Coquitlam,British Columbia,Zoe,Royer,Liberal
245,Portage--Lisgar,37.8,36.9,38.7,1.3,94835,58.2,61.1,55.2,2.8,3.1,38800,46800,32000,5.3,4.6,6.2,Portage—Lisgar,Manitoba,Branden,Leslie,Conservative
96,Portneuf--Jacques-Cartier,42.2,41.8,42.7,0.6,106610,35.8,36.8,34.7,95.9,1.5,47600,54400,41200,5.1,5,5.3,Portneuf—Jacques-Cartier,Quebec,Joël,Godin,Conservative
205,Prescott--Russell--Cumberland,43,42.3,43.6,0.4,109125,46.2,48.1,44.4,55.6,2.7,48400,54000,43200,6.5,5.8,7.2,Prescott—Russell—Cumberland,Ontario,Giovanna,Mingarelli,Liberal
260,Prince Albert,40.3,39.3,41.2,0.4,88520,55.3,59.7,51.1,1.8,5.5,39600,42800,37200,9.5,10.3,8.6,Prince Albert,Saskatchewan,Randy,Hoback,Conservative
334,Prince George--Peace River--Northern Rockies,39.1,38.7,39.6,0.6,116970,54.7,54.4,55,1.1,4,45600,59200,36800,9.4,10.1,8.5,Prince George—Peace River—Northern Rockies,British Columbia,Bob,Zimmer,Conservative
246,Provencher,37,36.6,37.4,0.7,100320,57,59.4,54.5,8.2,4.7,40000,48800,32400,6.4,5.7,7.2,Provencher,Manitoba,Ted,Falk,Conservative
97,Québec Centre,45.9,44.1,47.7,3.1,103980,30.4,30.3,30.5,88.6,2,41200,44000,38800,8.8,9,8.6,Québec Centre,Quebec,Jean-Yves,Duclos,Liberal
304,Red Deer,39.6,38.7,40.5,0.6,114975,48.4,51.2,45.7,1.1,4,43200,50800,37600,11.9,12.3,11.4,Red Deer,Alberta,Burton,Bailey,Conservative
261,Regina--Lewvan,38.6,37.5,39.6,0.6,86900,40.8,42.5,39.3,1,2.8,50400,56000,46000,8.8,9.3,8.2,Regina—Lewvan,Saskatchewan,Warren,Steinley,Conservative
262,Regina--Qu'Appelle,39.2,38.5,39.9,0.5,89275,54.7,57.1,52.3,0.6,6.5,42000,46000,39200,9.9,10.3,9.5,Regina—Qu'Appelle,Saskatchewan,Andrew,Scheer,Conservative
263,Regina--Wascana,39.9,38.6,41.1,0.6,89065,42.8,44.5,41.1,1.2,4.1,45600,50400,42000,10,10.3,9.6,Regina—Wascana,Saskatchewan,Michael,Kram,Conservative
98,Repentigny,42.6,41.6,43.7,0.7,111525,41.4,41.4,41.4,87.6,2,44800,50800,39600,5.9,5.9,6,Repentigny,Quebec,Patrick,Bonin,Bloc Québécois
99,Richmond--Arthabaska,44.7,43.7,45.8,0.8,110650,45.4,46.5,44.3,94.4,0.7,38000,42000,34000,4.8,4.6,4.9,Richmond Centre—Marpole,British Columbia,Chak,Au,Conservative
335,Richmond Centre--Marpole,43.3,42.2,44.3,1.5,116380,38,38.1,37.9,0.6,18.5,33200,36000,31000,10.9,10,11.8,Richmond East—Steveston,British Columbia,Parm,Bains,Liberal
336,Richmond East--Steveston,43.2,42.1,44.3,1.2,116140,41.9,42.1,41.6,0.5,14.2,35600,39200,33200,10.6,10,11.3,Richmond Hill South,Ontario,Vincent,Ho,Conservative
206,Richmond Hill South,43.9,42.7,45,0.3,124745,34.6,34.1,35.1,0.5,14.1,35600,38800,33200,13.3,12.3,14.3,Richmond—Arthabaska,Quebec,Eric,Lefebvre,Conservative
247,Riding Mountain,41.1,40.2,41.9,0.5,90965,59.9,63.8,56.1,1.5,6.4,35200,39200,32800,6.6,7.1,6,Riding Mountain,Manitoba,Dan,Mazier,Conservative
100,Rimouski--La Matapédia,46.3,45.4,47.2,0.8,102020,41.3,42.6,40,97.9,2.9,37600,41200,34400,7.8,8.4,7.2,Rimouski—La Matapédia,Quebec,Maxime,Blanchette-Joncas,Bloc Québécois
101,Rivière-des-Mille-Îles,41.9,40.8,43,0.6,104960,40.6,41.4,39.7,77.6,1.9,44000,49600,38800,6.4,6.6,6.2,Rivière-des-Mille-Îles,Quebec,Linda,Lapointe,Liberal
102,Rivière-du-Nord,42.6,41.5,43.6,0.4,113515,47.2,48.1,46.3,92.8,2.6,39200,44800,34400,6.7,6.4,7.1,Rivière-du-Nord,Quebec,Rhéal Éloi,Fortin,Bloc Québécois
103,Rosemont--La Petite-Patrie,39.9,38.9,40.9,10.2,112910,26.1,28,24.3,74.2,2.9,41600,42800,40400,8.3,9,7.6,Rosemont—La Petite-Patrie,Quebec,Alexandre,Boulerice,NDP
337,Saanich--Gulf Islands,48.6,47.5,49.7,3.5,122150,37.1,37.4,36.9,1.2,5.1,44400,50400,40000,6.3,6.2,6.3,Saanich—Gulf Islands,British Columbia,Elizabeth,May,Green Party
24,Sackville--Bedford--Preston,41.2,40.4,42,0.1,99095,38.8,41.3,36.5,2.3,4.6,45600,54000,39600,10,8.9,11.2,Sackville—Bedford—Preston,Nova Scotia,Braedon,Clark,Liberal
104,Saint John--Kennebecasis,42.6,41.5,43.8,0.2,81920,45.3,45.2,45.3,3.7,2.8,39200,43600,36000,10,11.1,8.9,Saint John—Kennebecasis,New Brunswick,Wayne,Long,Liberal
105,Saint John--St. Croix,44.5,43.6,45.4,0.2,80190,50.8,52.8,48.9,3.6,4.3,39200,45600,34000,9.8,11,8.4,Saint John—St. Croix,New Brunswick,John,Williamson,Conservative
106,Saint-Hyacinthe--Bagot--Acton,43.5,42.5,44.6,1,105085,48.7,50.3,47.1,93.6,1.2,39600,44000,35600,5.6,5.4,5.8,Saint-Hyacinthe—Bagot—Acton,Quebec,Simon-Pierre,Savard-Tremblay,Bloc Québécois
107,Saint-Jean,42.8,41.9,43.8,0.8,114615,44.5,46.3,42.6,92.6,1.7,42400,47200,38000,5.6,5.7,5.5,Saint-Jean,Quebec,Christine,Normandin,Bloc Québécois
108,Saint-Laurent,39.5,38.2,40.8,0.8,108765,35.2,34.5,35.8,25.3,4.1,35200,36800,33600,11.6,11.5,11.7,Saint-Laurent,Quebec,Emmanuella,Lambropoulos,Liberal
35,Saint-Léonard--Saint-Michel,40.7,39.4,41.8,0.5,112905,48.3,48.3,48.4,30.9,4.7,32800,34400,31200,11.8,11.8,12,Saint-Léonard—Saint-Michel,Quebec,Patricia,Lattanzio,Liberal
36,Saint-Maurice--Champlain,47.2,46.4,47.9,0.4,111995,45.1,44.1,46,93.9,1,37200,42000,32000,6.7,7.3,6,Saint-Maurice—Champlain,Quebec,François-Philippe,Champagne,Liberal
207,Sarnia--Lambton--Bkejwanong,44.7,43.7,45.7,0.7,128155,45.1,44.6,45.6,1.6,3.4,42400,52400,35200,11.2,9.9,12.5,Sarnia—Lambton—Bkejwanong,Ontario,Marilyn,Gladu,Conservative
265,Saskatoon South,40.2,38.6,41.8,1.2,89565,38.1,40.6,35.8,1.3,4,45600,52400,40800,8.2,8.1,8.3,Saskatoon South,Saskatchewan,Kevin,Waugh,Conservative
264,Saskatoon West,37.7,36.8,38.6,1.1,87870,51.8,54.9,48.7,0.9,4.9,39200,42800,36000,9.9,10.1,9.6,Saskatoon West,Saskatchewan,Brad,Redekopp,Conservative
266,Saskatoon--University,38.3,37.2,39.4,1.7,88715,38,41.2,34.9,1.2,4,45600,52000,41200,8.2,8.6,7.7,Saskatoon—University,Saskatchewan,Corey,Tochor,Conservative
208,Sault Ste. Marie--Algoma,46.4,45.4,47.4,0.8,113770,48.7,48.5,48.8,5.2,4.8,39200,44400,34400,12.9,13,12.8,Sault Ste. Marie—Algoma,Ontario,Terry,Sheehan,Liberal
209,Scarborough--Agincourt,44.6,42.9,46.2,0.5,123975,43.6,43,44.1,0.7,17.7,32000,33600,31000,16.2,15.5,16.9,Scarborough Centre—Don Valley East,Ontario,Salma,Zahid,Liberal
211,Scarborough--Guildwood--Rouge Park,42.1,40.9,43.3,0.2,114250,42.8,43.6,42.1,0.9,7.9,37600,39200,36800,14.9,14.1,15.8,Scarborough North,Ontario,Shaun,Chen,Liberal
214,Scarborough--Woburn,40.3,38.9,41.6,0.2,110800,46.2,46.3,46,0.8,13.1,32800,34800,31400,16.2,14.7,17.7,Scarborough Southwest,Ontario,Bill,Blair,Liberal
210,Scarborough Centre--Don Valley East,41.8,40.3,43.2,0.5,111375,44.3,45.8,42.9,1.1,11.7,35200,36800,34000,15.7,14.2,17.2,Scarborough—Agincourt,Ontario,Jean,Yip,Liberal
212,Scarborough North,42.9,41.6,44,0.4,116180,50.7,51.4,50,0.4,15.4,30800,31400,30400,17,16.4,17.5,Scarborough—Guildwood—Rouge Park,Ontario,Gary,Anandasangaree,Liberal
213,Scarborough Southwest,41,39.9,42.1,0.5,122870,44.6,46,43.2,1,10.2,35200,36400,34800,16.5,15.8,17.3,Scarborough—Woburn,Ontario,Michael,Coteau,Liberal
249,Selkirk--Interlake--Eastman,44.4,43.8,45.1,0.6,98615,54.3,56.7,51.8,2.1,6.6,40800,47600,34800,8,8.2,7.8,Selkirk—Interlake—Eastman,Manitoba,James,Bezan,Conservative
109,Shefford,44.1,43.1,45.1,0.9,115920,49,49.6,48.4,92.3,0.9,39600,44000,35600,5.3,5.4,5.2,Shefford,Quebec,Andréanne,Larouche,Bloc Québécois
110,Sherbrooke,43.3,41.4,45.1,1,116845,37.3,37.6,37,85.5,0.9,35600,38400,33200,6.9,7,6.9,Sherbrooke,Quebec,Élisabeth,Brière,Liberal
305,Sherwood Park--Fort Saskatchewan,40.5,39.7,41.2,0.4,126315,41.4,40.3,42.4,1.7,3.1,54000,70500,42800,9.5,9.5,9.5,Sherwood Park—Fort Saskatchewan,Alberta,Garnett,Genuis,Conservative
215,Simcoe--Grey,45.5,44.7,46.4,0.8,107835,48.1,50.7,45.6,2,4.5,42400,49600,36800,11.4,9.7,13.3,Simcoe North,Ontario,Adam,Chambers,Conservative
216,Simcoe North,46.7,45.5,47.8,0.5,112025,49.5,52,47.2,2.8,4.9,38400,42400,35200,13,12.5,13.6,Simcoe—Grey,Ontario,Terry,Dowdall,Conservative
338,Similkameen--South Okanagan--West Kootenay,49.5,48.6,50.4,1.4,111285,48,48,48.1,1.7,4.8,37200,42800,33200,9,9.5,8.5,Similkameen—South Okanagan—West Kootenay,British Columbia,Helena,Konanz,Conservative
339,Skeena--Bulkley Valley,41.1,40.8,41.3,1.4,89690,55.5,55.6,55.4,1.3,6.3,41200,48800,35600,10,11.1,8.6,Skeena—Bulkley Valley,British Columbia,Ellis,Ross,Conservative
267,Souris--Moose Mountain,41.4,40.8,42,0.5,75205,57.4,62.4,52.2,1.3,7.1,43200,52000,36400,6.3,6.6,6,Souris—Moose Mountain,Saskatchewan,Steven,Bonk,Conservative
25,South Shore--St. Margarets,48.6,47.7,49.4,0.2,79130,48.8,52,45.7,1.2,5.8,34800,41600,30000,11.9,11.1,12.8,South Shore—St. Margarets,Nova Scotia,Jessica,Fancy,Liberal
340,South Surrey--White Rock,45.7,44.3,47,0.4,118280,38.7,39.1,38.2,0.9,10.2,44000,53200,38000,8.1,7.7,8.5,South Surrey—White Rock,British Columbia,Ernie,Klassen,Liberal
217,Spadina--Harbourfront,35.6,35.7,35.6,4.3,105745,14.6,15.9,13.4,2.4,10,63200,71000,56800,9,8.1,10,Spadina—Harbourfront,Ontario,Chi,Nguyen,Liberal
306,St. Albert--Sturgeon River,41.1,40.3,41.8,0.5,121310,43.6,44.1,43,2.8,5.7,51200,65500,41600,9.6,9.2,9.9,St. Albert—Sturgeon River,Alberta,Michael,Cooper,Conservative
248,St. Boniface--St. Vital,41.5,40.3,42.6,1.4,99975,42,44.2,40,9.7,4.2,43600,48400,39600,8.5,8.2,8.8,St. Boniface—St. Vital,Manitoba,Ginette,Lavack,Liberal
218,St. Catharines,44.8,43.3,46.1,0.9,119870,47.1,48,46.2,1.8,5.3,37600,42000,34400,15.8,14.8,17,St. Catharines,Ontario,Chris,Bittle,Liberal
8,St. John's East,42.1,40.9,43.3,0.3,84965,36.7,38.7,34.7,0.7,3.7,41200,44800,38800,10.9,12.6,9,St. John's East,Newfoundland and Labrador,Joanne,Thompson,Liberal
219,Stormont--Dundas--Glengarry,44.9,44,45.9,0.6,114640,51.9,54,49.7,18.6,3.1,39200,44000,35200,9.5,8.3,10.7,Stormont—Dundas—Glengarry,Ontario,Eric,Duncan,Conservative
220,Sudbury,43.1,41.7,44.4,0.5,114380,43.3,44.4,42.4,16.9,3,43600,49200,39200,11.1,10.5,11.7,Sudbury,Ontario,Viviane,Lapointe,Liberal
221,Sudbury East--Manitoulin--Nickel Belt,44.6,44,45.2,0.4,99835,48.3,49.8,46.9,31,4.2,42400,50000,36000,9.5,9.4,9.6,Sudbury East—Manitoulin—Nickel Belt,Ontario,Jim,Bélanger,Conservative
341,Surrey Centre,38.4,37.9,38.9,0.3,119730,52.3,53.8,50.8,0.5,13.3,34400,38000,31400,9.5,8.9,10.3,Surrey Centre,British Columbia,Randeep,Sarai,Liberal
342,Surrey Newton,37.6,36.9,38.4,0.2,119560,55.1,56.7,53.5,0.3,11.2,34400,38400,31000,9.1,7.9,10.6,Surrey Newton,British Columbia,Sukh,Dhaliwal,Liberal
268,Swift Current--Grasslands--Kindersley,42.7,42,43.4,0.5,75680,53.3,58.6,47.9,1,8.3,42000,48000,37200,5.4,5.5,5.3,Swift Current—Grasslands—Kindersley,Saskatchewan,Jeremy,Patzer,Conservative
26,Sydney--Glace Bay,46.4,44.9,47.8,0.2,82330,48.1,49,47.3,0.7,4.5,33600,35200,32400,19.4,22.5,16.4,Sydney—Glace Bay,Nova Scotia,Mike,Kelloway,Liberal
222,Taiaiako'n--Parkdale--High Park,41.1,40.3,41.9,5.7,117900,31.2,33.6,29,1.8,8.2,46000,48800,44000,13,12.5,13.5,Taiaiako'n—Parkdale—High Park,Ontario,Karim,Bardeesy,Liberal
9,Terra Nova--The Peninsulas,49.9,49.4,50.5,0.1,76110,56.6,53.6,59.4,0.2,4.7,31800,37600,27400,20.3,23.7,16.6,Terra Nova—The Peninsulas,Newfoundland and Labrador,Jonathan,Rowe,Conservative
111,Terrebonne,40.1,39.4,40.8,0.4,113795,42.1,43.2,41,84.2,1.6,45600,51200,40400,5.9,6.1,5.8,Terrebonne,Quebec,Tatiana,Auguste,Liberal
112,Thérèse-De Blainville,41.4,40.4,42.2,0.8,112160,37.9,38.8,37,82.6,1.7,46000,52800,40800,6.3,6.2,6.4,Thérèse-De Blainville,Quebec,Madeleine,Chenette,Liberal
223,Thornhill,42.4,41.4,43.5,0.4,124870,31.9,32.4,31.4,0.8,11.8,40400,44400,38000,13,11.6,14.4,Thornhill,Ontario,Melissa,Lantsman,Conservative
224,Thunder Bay--Rainy River,43.6,42.8,44.5,1,82360,48.1,49,47.2,1.6,4.2,42800,49200,38000,10.5,10.5,10.5,Thunder Bay—Rainy River,Ontario,Marcus,Powlowski,Liberal
225,Thunder Bay--Superior North,43.4,42.5,44.3,0.8,86145,45.9,47,44.9,3.6,4.7,42800,47600,38800,10.7,10.8,10.7,Thunder Bay—Superior North,Ontario,Patty,Hajdu,Liberal
37,Tobique--Mactaquac,44.3,43.8,44.9,0.1,64530,52.2,54.8,49.7,4.1,5,36800,40800,32800,9.4,10.4,8.1,Tobique—Mactaquac,New Brunswick,Richard,Bragdon,Conservative
227,Toronto Centre,39.7,40,39.3,5.8,121700,26.9,27.4,26.3,2.6,11.1,42000,44800,39200,14.6,14.3,15.1,Toronto Centre,Ontario,Evan,Solomon,Liberal
228,Toronto--Danforth,41.3,40.6,42.1,6.2,105470,34.6,36.9,32.5,1.9,7.9,45600,48000,43600,12.5,12.9,12.2,Toronto—Danforth,Ontario,Julie,Dabrusin,Liberal
226,Toronto--St. Paul's,43.3,41.7,44.7,3.1,125435,24,25.3,22.9,1.8,7.3,53200,59200,49200,10.6,10.1,11.1,Toronto—St. Paul's,Ontario,Leslie,Church,Liberal
113,Trois-Rivières,46.4,44.6,48.1,0.8,114065,39.7,38.7,40.6,93.3,0.9,37200,42000,33200,7.2,8,6.4,Trois-Rivières,Quebec,Caroline,Desrochers,Liberal
229,University--Rosedale,41.6,40.7,42.3,8,123815,27.3,28,26.6,2.1,11.9,43600,46800,41200,13.4,12.8,14,University—Rosedale,Ontario,,,
343,Vancouver Centre,41.8,42.1,41.5,4.5,115965,21.8,23.8,19.7,2.4,13.7,49200,55200,44000,8.5,7.9,9.1,Vancouver Centre,British Columbia,Hedy,Fry,Liberal
344,Vancouver East,41.8,41.7,42,8.6,118675,38.5,40.7,36.3,1.7,11.2,40400,42400,38800,9.7,10,9.5,Vancouver East,British Columbia,Jenny,Kwan,NDP
345,Vancouver Fraserview--South Burnaby,42.7,41.3,44,1.2,117485,43.3,44.2,42.5,0.6,11.1,36800,40000,34000,9.9,9.4,10.4,Vancouver Fraserview—South Burnaby,British Columbia,Gregor,Robertson,Liberal
346,Vancouver Granville,42.5,41.3,43.6,6.2,116795,27.9,29.3,26.6,1.7,10.4,46400,50000,43600,7.8,7.9,7.6,Vancouver Granville,British Columbia,Taleeb,Noormohamed,Liberal
347,Vancouver Kingsway,41.7,40.6,42.7,3.5,116495,44.5,45.8,43.3,0.8,11.4,37200,40000,34800,9.4,9,9.9,Vancouver Kingsway,British Columbia,Don,Davies,NDP
348,Vancouver Quadra,41.8,40.8,42.8,7.5,114785,27.3,28.6,26.2,1.6,10.3,43600,49200,40000,9.1,9,9.2,Vancouver Quadra,British Columbia,Wade,Grant,Liberal
114,Vaudreuil,41.1,40.2,41.8,0.7,120655,38.6,40,37.3,49.2,1.9,45600,51200,40800,6.9,7,6.9,Vaudreuil,Quebec,Peter,Schiefke,Liberal
230,Vaughan--Woodbridge,41.5,40.6,42.4,0.2,121705,46.8,46.4,47.2,0.4,7.2,42800,49200,38000,12.6,10.5,14.9,Vaughan—Woodbridge,Ontario,Michael,Guglielmin,Conservative
349,Vernon--Lake Country--Monashee,46.6,45.8,47.4,1.2,108625,47.4,48.4,46.4,1.4,5.1,39200,46000,34400,8.8,9.1,8.6,Vernon—Lake Country—Monashee,British Columbia,Scott,Anderson,Conservative
350,Victoria,45.7,44.5,46.8,9.4,123485,31.6,33.7,29.6,1.7,7.4,44400,48000,41600,8.1,8.3,7.8,Victoria,British Columbia,Will,Greaves,Liberal
115,Ville-Marie--Le Sud-Ouest--Île-des-Sœurs,38.8,38.2,39.4,3,114370,23.7,23.3,24.1,36.1,3.9,38800,42000,36000,11.7,11.1,12.3,Ville-Marie—Le Sud-Ouest—Île-des-Soeurs,Quebec,Marc,Miller,Liberal
116,Vimy,42.9,41.5,44.2,0.7,108770,41.5,41.4,41.6,47.7,2.8,36400,39200,34000,10.3,10.4,10.2,Vimy,Quebec,Annie,Koutrakis,Liberal
231,Waterloo,39.2,37.9,40.5,1.3,121435,35.4,35.5,35.2,0.9,4,41600,47200,36800,12,10.3,13.9,Waterloo,Ontario,Bardish,Chagger,Liberal
232,Wellington--Halton Hills North,41.8,41.1,42.6,0.5,105115,41.9,43,40.9,1.1,3.5,48000,56800,41200,8.5,7.4,9.9,Wellington—Halton Hills North,Ontario,Michael,Chong,Conservative
351,West Vancouver--Sunshine Coast--Sea to Sky Country,44.1,43.3,44.9,3.4,114260,35.6,37.1,34.2,2.3,7.4,44400,50800,39600,9,9.2,8.8,West Vancouver—Sunshine Coast—Sea to Sky Country,British Columbia,Patrick,Weiler,Liberal
233,Whitby,40.2,39.1,41.1,0.3,115250,40,41.7,38.4,1.3,4.8,46400,54000,40800,12.7,12,13.4,Whitby,Ontario,Ryan,Turnbull,Liberal
234,Willowdale,42.4,40.9,43.6,0.5,118220,27.3,28,26.7,0.7,15.7,37200,40000,34800,12.7,11.9,13.5,Willowdale,Ontario,Ali,Ehsassi,Liberal
235,Windsor West,40.3,39.2,41.3,1,130165,48.6,47.9,49.3,1.5,4.5,34000,37600,31400,18.5,18.1,19,Windsor West,Ontario,Harb,Gill,Conservative
236,Windsor--Tecumseh--Lakeshore,43.2,41.9,44.4,0.5,130960,49,50,48,2.6,3.6,40800,46400,36400,17.8,17.9,17.7,Windsor—Tecumseh—Lakeshore,Ontario,Kathy,Borrelli,Conservative
250,Winnipeg Centre,38.1,37.6,38.6,2.9,96850,51.5,53.9,49,1.5,7.6,32800,34000,31800,11.5,12,11,Winnipeg Centre,Manitoba,Leah,Gazan,NDP
251,Winnipeg North,37.7,36.5,38.8,0.4,95180,50,52.8,47.2,0.4,5.6,35600,37600,33600,9.2,8.8,9.6,Winnipeg North,Manitoba,Kevin,Lamoureux,Liberal
252,Winnipeg South,37.5,36.5,38.6,0.6,99795,37.7,38.6,36.9,3.5,4.9,38400,42800,35600,8.9,9,8.8,Winnipeg South,Manitoba,Terry,Duguid,Liberal
253,Winnipeg South Centre,42.6,41.1,44,2.5,95885,34.5,36.3,32.7,1.8,4.5,43600,47600,40000,8.1,8,8.2,Winnipeg South Centre,Manitoba,Ben,Carr,Liberal
254,Winnipeg West,44,42.5,45.4,1.1,94075,42.7,44.4,41,1.6,3.4,46800,53600,41200,7.6,7.9,7.3,Winnipeg West,Manitoba,Doug,Eyolfson,Liberal
307,Yellowhead,41.2,41,41.4,2.4,115055,44.9,46.1,43.5,2.8,5.5,45600,58000,37600,11.1,11.7,10.4,Yellowhead,Alberta,William,Stevenson,Conservative
238,York--Durham,43.9,43,44.8,0.2,116560,46.8,48,45.7,0.9,7.4,44000,51200,38400,9.6,8.7,10.6,York Centre,Ontario,Roman,Baber,Conservative
237,York Centre,41.9,40.5,43.2,0.5,108305,41.9,45,39.2,0.7,11.6,36400,38800,34800,14.1,12.8,15.5,York South—Weston—Etobicoke,Ontario,Ahmed,Hussen,Liberal
239,York South--Weston--Etobicoke,41.7,40.1,43.1,0.5,111335,54.3,56.3,52.6,0.7,11.6,34800,36800,33200,16.3,14.8,17.8,York—Durham,Ontario,Jacob,Mantle,Conservative
269,Yorkton--Melville,44.2,43.5,45,0.5,73190,58.5,62.5,54.3,0.7,8.1,38400,44400,33600,7,7.4,6.4,Yorkton—Melville,Saskatchewan,Cathay,Wagantall,Conservative
353,Yukon,39.9,39.9,40,2.4,40235,40.4,44,36.8,4.5,8,54800,56400,53600,6.9,7.4,6.3,Yukon,Yukon,Brendan,Hanley,Liberal
